,city,population,violent_crime,murder_and_nonnegligent_manslaughter,rape1,robbery,aggravated_assault,property_crime,burglary,larceny_theft,motor_vehicle_theft,arson,county,shape__area,shape__length,globalid
0,Adelanto,34491,276,1,20,42,213,459,136,209,114,14,San Bernardino,202527216.65625,122818.299432443,a112aaa2-6c60-4c6f-83c5-5a03126064e8
1,Agoura Hills,20490,21,0,6,4,11,306,66,223,17,0,Los Angeles,29643180.1953125,29626.9407231508,b9192abb-2d64-4f7b-b9dc-97b8a703521b
2,Alameda,78907,162,0,7,94,61,2579,218,1958,403,29,Alameda,43583052.453125,52137.8769118302,b8a7f28a-a71e-4e96-bd7e-78cf84f27f7d
3,Albany,20083,40,0,8,21,11,685,105,534,46,1,Alameda,7558117.2109375,16774.017561212,f25071bd-a3d2-437a-bdf4-2d25a0aea1f4
4,Alhambra,84837,161,2,11,89,59,1749,259,1303,187,8,Los Angeles,28883376.6367188,25461.4876329188,a74ff6de-81a9-4d98-b4dc-a1f9d9730f4b
5,Aliso Viejo,52247,27,1,3,13,10,433,57,351,25,1,Orange,25901253.5117188,33775.3696308583,32e63b56-98f9-462e-9e0d-86ed32f59a6f
6,Alturas,2471,10,0,2,1,7,30,14,13,3,0,Modoc,13359025.0585938,23764.8127344721,f87fe79e-88fe-44fe-bacf-b16d00e72320
7,American Canyon,20452,53,0,7,7,39,454,59,368,27,3,Napa,25657660.1835938,34793.6440438085,0e0b9daf-6b3d-4783-a074-8607c357f0eb
8,Anaheim,353915,1120,8,141,396,575,8258,1123,5904,1231,44,Orange,196108999.554688,147822.690354671,7b29a09d-80e7-4ecf-a52d-6fa122b3651c
9,Anderson,10545,61,1,5,12,43,363,63,208,92,1,Shasta,32458888.3984375,47510.5481526246,d8e5af81-bf95-43bc-87b0-bdb8fc4aa286
10,Angels Camp,3909,6,0,2,1,3,74,19,45,10,0,Calaveras,14886738.2734375,30295.3811127137,48b86afe-5032-430f-b44b-b2b9a1ce4d71
11,Antioch,112641,648,12,55,238,343,3199,511,2078,610,59,Contra Costa,124941447.402344,74914.6180628466,3425eb3e-ab73-490a-a609-8b129dc2551c
12,Apple Valley,74051,339,4,19,68,248,1105,230,660,215,11,San Bernardino,294405037.746094,105049.496705671,65eac460-b13a-4c7a-9ecd-ab032081b0fc
13,Arcadia,58899,84,1,10,35,38,1348,301,973,74,3,Los Angeles,42082448.140625,48662.39865065,ef3b66aa-bcd6-433f-b223-138330934559
14,Arcata,18332,72,1,12,16,43,605,122,425,58,21,Humboldt,51385121.5664063,75159.8543906089,d4015cfd-be17-4795-993f-9b16b5473331
15,Arroyo Grande,18188,27,0,2,7,18,275,35,219,21,3,San Luis Obispo,23011217.6171875,31484.2368777697,f24cf9f8-c008-4879-bab2-12ba38562928
16,Artesia,16779,72,1,2,28,41,284,90,161,33,0,Los Angeles,6128534.55859375,15055.4587668051,a4a86472-9eaa-487d-8231-1021d9979654
17,Arvin,21811,196,3,3,16,174,437,115,178,144,16,Kern,18685857.6328125,26421.7606989487,8efc70e8-1780-476f-af6e-6e2e31b1f895
18,Atascadero,30579,65,0,7,7,51,493,96,360,37,3,San Luis Obispo,102461859.882813,57267.537566731,c655e318-452c-47f4-8afb-42f479315749
19,Atherton,7222,12,0,2,4,6,110,32,74,4,0,San Mateo,20737664.7421875,30997.3733329307,aa08edb8-1fd2-499e-8cfc-6a44dbed9998
20,Atwater,29632,206,1,10,22,173,1031,140,708,183,0,Merced,27568273.9726563,45442.5725787282,df3340e1-4411-4118-89a9-17a3291b67fd
21,Auburn,14201,50,0,8,5,37,237,72,146,19,5,Placer,30627246.328125,59836.922974527,672df8e3-4684-4403-832f-92ca411d9d75
22,Avalon,3722,10,0,2,0,8,40,7,28,5,0,Los Angeles,10948557.5898438,20901.4057551505,560550f8-6871-41d4-a0cd-4754b5cec5ad
23,Avenal,12991,69,0,7,3,59,58,26,28,4,0,Kings,77458981.5390625,55421.4830221233,77f517a7-7ba5-4159-b73b-9ed6ed558008
24,Azusa,50405,144,5,17,46,76,959,174,646,139,12,Los Angeles,36615279.453125,58591.2627191577,cb5f0af2-849d-46fd-94f1-02f0adb1cfcb
25,Bakersfield,388080,1766,34,116,701,915,16074,3888,9277,2909,470,Kern,591957825.328125,536308.402107617,e87b9568-4d95-4ecd-a142-41268e583cbe
26,Baldwin Park,75862,188,1,24,50,113,1110,196,606,308,5,Los Angeles,25658138.6914063,32301.7639831901,060f5a5a-82ed-416e-a0f9-8ca754dbe65a
27,Banning,31450,136,2,16,27,91,532,179,210,143,0,Riverside,87707280.59375,98557.2975789746,654116ac-4eea-4993-ad53-d0990c693a16
28,Barstow,24121,274,5,10,82,177,986,285,527,174,37,San Bernardino,159114428.855469,124528.363805011,2d264963-33f7-45e0-afb7-dc27bf7b63d3
29,Beaumont,50990,92,2,14,38,38,922,178,548,196,11,Riverside,114352990.65625,95506.7991222663,b77d8417-10b4-4c2f-9a0f-82f65d1ea8ac
30,Bell,35759,168,0,11,37,120,441,127,224,90,0,Los Angeles,9896026.3125,24187.7973649776,6d6fa9b6-09fe-4d1d-a80e-14c8066ae6d5
31,Bellflower,77196,327,1,29,107,190,1506,326,860,320,7,Los Angeles,23316766.09375,21825.9089684598,7870b149-77ef-44dd-8bda-83ce1e1671b3
32,Bell Gardens,42366,147,0,4,69,74,630,78,334,218,4,Los Angeles,9285293.390625,14226.2157586177,2519eb23-edc0-4724-be7b-9fa3d0a97fef
33,Belmont,27272,45,1,8,1,35,392,50,312,30,2,San Mateo,19123418.1992188,28173.7772276943,3cae9a74-f54c-4211-ace2-e7d6c3943792
34,Belvedere,2114,1,0,0,0,1,15,2,13,0,0,Marin,2645760.046875,8307.52493870506,355cc2b2-ec2a-4160-936f-5f58cc3f72fd
35,Benicia,28471,16,0,1,13,2,377,72,250,55,2,Solano,54541414.734375,44254.5232957136,950ed4e1-d97b-4c75-b95c-b9f45e348467
36,Berkeley,122788,618,0,74,369,175,6256,771,4993,492,17,Alameda,44043848.6679688,41459.8367324381,6e2ab811-24ca-4405-858b-4b515f2cbf1b
37,Beverly Hills,34211,103,1,6,52,44,1499,257,1197,45,6,Los Angeles,21616862.796875,31778.1464910811,efe66720-091a-40ff-97d2-84df7e2b6e02
38,Biggs,1726,3,0,1,0,2,17,3,10,4,0,Butte,3846221.96875,16135.5486184904,af347e2a-a981-4860-a8e6-86ada7fd3c7d
39,Bishop,3731,34,0,9,6,19,183,29,150,4,0,Inyo,7733927.79296875,20427.2825511611,0d21b968-d076-4167-bdbb-12cdccfdbbaa
40,Blythe,19889,92,0,7,29,56,644,177,434,33,44,Riverside,102128779.167969,121185.789441709,7043d734-eb55-41ec-8d86-b50f2406934c
41,Bradbury,1089,1,0,0,1,0,10,2,6,2,0,Los Angeles,7454190.37109375,14387.3505835872,8c1b5b8c-e57c-47e8-bea9-8c33f7ae02bd
42,Brawley,26379,121,2,4,8,107,618,95,468,55,15,Imperial,29855025.03125,38180.6914694529,62719834-e1c8-4e0c-bbe6-eb1ecad56741
43,Brea,44155,72,0,10,29,33,1450,169,1209,72,3,Orange,46234997.2148438,68241.9707096387,8520349e-12de-4a99-b7c9-80b763721795
44,Brentwood,65483,166,0,16,67,83,1335,142,1095,98,11,Contra Costa,62015016.90625,55421.5446414708,57f44770-2dee-4e7c-b3bb-72ea924d5ffc
45,Brisbane,4746,10,0,2,0,8,137,64,52,21,1,San Mateo,13141853.6601563,22435.465536382,57a2d229-f92d-4dd1-9918-ff5202225025
46,Buellton,5142,3,0,0,0,3,54,15,31,8,0,Santa Barbara,6141802.3671875,14624.7621433802,22b6367d-dd78-4c17-a6ef-3c8767d1f32f
47,Buena Park,82627,246,1,15,91,139,2061,230,1567,264,1,Orange,39656062.1640625,48303.8377154201,91e1bad8-fe4c-462e-95cc-d9ba0c260efd
48,Burbank,103738,189,1,11,54,123,2617,299,2107,211,4,Los Angeles,65680187.7109375,37732.6951002645,6db9ddaa-7063-4c73-876d-194be1e2c587
49,Burlingame,30677,74,0,9,25,40,1185,162,937,86,4,San Mateo,18469807.4257813,33027.5678387048,bfaef773-993c-4454-8272-205fb12fd32d
50,Calabasas,24016,35,1,6,15,13,331,81,226,24,1,Los Angeles,52298281.7851563,55027.0141093007,485c70b9-9bab-4aeb-be5c-7163cca1743c
51,Calexico,40327,94,0,3,21,70,894,244,470,180,56,Imperial,31087571.5664063,29186.6599500101,267b9237-8daa-4d25-851a-23948c144c2f
52,California City,14319,83,0,13,15,55,281,102,120,59,3,Kern,789537582.632813,218543.464220747,af34f78a-3ccb-4bd3-b0b3-43e772f0a9a9
53,Calimesa,9073,22,0,0,7,15,280,51,193,36,0,Riverside,56203576.0234375,49018.056262052,63e72b98-e528-4e71-9850-38b5c1f0e383
54,Calistoga,5341,6,0,0,0,6,70,7,54,9,0,Napa,10908956.6210938,18961.5001568051,1168be30-07e6-4065-b24c-48fac689a0b7
55,Camarillo,69628,58,0,22,16,20,817,100,676,41,2,Ventura,75049422.5078125,81527.131155545,095e1d8c-dc6f-4063-ad62-c4fe61562963
56,Campbell,42697,89,0,22,21,46,1357,209,990,158,13,Santa Clara,24998433.1601563,42631.9448015409,2bbbd31b-a793-4f85-b983-cde31ce0840f
57,Canyon Lake,11353,15,0,0,1,14,74,15,47,12,0,Riverside,17337155.8125,23490.5798595959,d8a59ca2-77a6-4047-a457-f95f8a4be94c
58,Capitola,10101,30,0,3,6,21,528,53,454,21,2,Santa Cruz,6563801.6015625,17092.7812002259,27c03839-c5ee-47e4-93a3-48e6b28c06fd
59,Carlsbad,117220,240,3,40,39,158,2135,297,1671,167,11,San Diego,144618402.515625,64938.8544561364,5a6fff42-3f29-42e4-b2d9-4b889b46e4fe
60,Carpinteria,13514,11,1,0,3,7,155,19,116,20,0,Santa Barbara,9769194.74609375,25481.3894968684,d3427c1b-b943-4c8d-9437-f1271cb93334
61,Carson,91947,444,5,31,122,286,2004,328,1277,399,14,Los Angeles,71264281.984375,46865.8997333276,f4518762-7f07-4167-bcfe-71639611bd82
62,Cathedral City,55346,144,7,19,48,70,602,182,227,193,4,Riverside,85685092.9335938,72484.3277856403,8fbfe59f-3fd3-4781-bc96-65722c530181
63,Ceres,49134,209,1,12,59,137,1158,239,628,291,20,Stanislaus,39070074.109375,50115.3067791011,70de1841-e633-417e-a002-e2cdfcc7f4b2
64,Cerritos,50642,127,1,10,65,51,1634,314,1198,122,0,Los Angeles,33280830.8828125,44159.8808403631,865ccce4-120a-41bf-84c1-bfd29b2cc837
65,Chico,95826,557,0,100,104,353,2406,272,1753,381,48,Butte,150665486.738281,133508.407352818,5cf1663f-0a95-414f-9748-4c40491ef5bc
66,Chino,93348,329,3,35,96,195,2224,376,1649,199,5,San Bernardino,112329838.292969,76113.5247241607,9d9e5c6b-1ae6-4420-9b08-e80745038ca6
67,Chino Hills,84577,95,1,10,20,64,891,222,606,63,5,San Bernardino,169201220.730469,64200.6791684471,5cadc250-9b91-4f00-926f-b28fda8834a2
68,Chowchilla,18792,39,0,2,3,34,234,71,109,54,7,Madera,47512774.2304688,54494.8764883057,cb8e37d6-82f2-4d02-880e-2deeb865b903
69,Chula Vista,275230,904,3,61,265,575,3816,486,2503,827,36,San Diego,190896872.820313,117806.854388038,023d1032-1b36-4cf5-8758-5f9130ebac61
70,Citrus Heights,88496,313,1,46,76,190,2248,372,1607,269,7,Sacramento,60529480.2617188,37762.3354788659,b79255dc-3963-433e-8e39-aa88db7ba337
71,Claremont,36681,51,0,6,23,22,774,191,552,31,7,Los Angeles,51009193.2226563,55362.5310834762,16410087-eeee-4dcb-8d43-a6467f20dd18
72,Clayton,12356,1,0,0,1,0,155,14,137,4,0,Contra Costa,15979272.9726563,22349.1629055951,b7f2675d-373a-4b34-af84-b10369054fba
73,Clearlake,15400,119,1,19,36,63,460,146,210,104,11,Lake,45141923.8789063,59497.0070527463,efa9afc2-6f4c-4f71-811e-1f52ab8d4588
74,Cloverdale,8910,16,0,1,0,15,116,25,87,4,1,Sonoma,13503600.1523438,32391.9174313441,2b6a2347-ed3f-4362-b790-8b7089f33761
75,Clovis,114170,243,0,54,32,157,2276,307,1810,159,6,Fresno,105253884.558594,97663.5920843977,7fe534b0-8a06-4965-89b6-a244f1a5697f
76,Coachella,46485,126,0,9,43,74,894,135,580,179,5,Riverside,116022122.140625,74723.4726990298,209534f3-1a20-49f5-83f6-92a10b358a02
77,Coalinga,16356,41,0,2,4,35,217,38,159,20,4,Fresno,26811703.5507813,59004.0782620929,72d7e3bd-16fa-493b-9907-262193259ac1
78,Colma,1512,28,0,0,20,8,325,36,263,26,2,San Mateo,7919731.93359375,14677.5574087004,b8898e06-fbe3-4414-805b-a19685b1b47a
79,Colton,55059,215,1,9,103,102,1517,317,836,364,8,San Bernardino,61239993.6367188,87245.8790894998,289bb1cd-f50a-43ce-9fab-3d49139c2fe4
80,Colusa,5903,6,0,4,1,1,78,28,34,16,0,Colusa,18267046.03125,51340.7961007565,b8cb6085-8438-4866-9433-acf12f10f304
81,Commerce,12804,138,1,5,49,83,1004,128,624,252,16,Los Angeles,24772005.2695313,34419.7069995715,68975d0f-8ff4-4b4e-9535-3a54ca4ec7ed
82,Compton,96638,1104,18,40,427,619,2346,334,1285,727,44,Los Angeles,38044748.484375,65518.6681167707,d45c30cd-6f0e-400c-b6a7-06af1a2a0566
83,Concord,130615,541,2,67,234,238,4560,434,3512,614,23,Contra Costa,127513459.925781,73130.13750995,bad32c1e-4785-4294-98a6-b4f78931887d
84,Corcoran,21353,118,1,8,12,97,272,65,157,50,5,Kings,29858425.0,53934.7707754362,5e830bb0-2692-46b2-84dc-22b2f17dfdf9
85,Corning,7537,28,0,6,4,18,211,51,127,33,1,Tehama,16019825.7421875,43990.3019648362,33990b3b-32b3-43ac-bce9-7418d9993f4c
86,Corona,170875,291,4,43,103,141,3482,646,2251,585,28,Riverside,150160692.253906,132639.418052237,d6a88959-43a9-4ff4-9920-82bd4940de0c
87,Coronado,21115,9,0,1,7,1,324,34,276,14,2,San Diego,54369000.3710938,51643.9853782573,2eb073ea-82ca-44a7-80a6-239ca0ad651b
88,Costa Mesa,114047,312,0,52,104,156,3739,450,2934,355,16,Orange,59407007.5585938,42864.6388678365,fac1c6ae-444d-4765-bcb8-709784ffbe2a
89,Cotati,7641,40,1,6,5,28,95,15,68,12,1,Sonoma,8054478.47265625,22654.0211633402,5b9e4bdf-d272-49eb-9914-b0362e024d7e
90,Covina,47985,171,2,25,43,101,1189,239,779,171,11,Los Angeles,26633974.5429688,68641.7573279985,98b00a9c-0fdb-4a1c-9eb0-d4e00d3fdd8c
91,Crescent City,6716,23,0,2,8,13,311,59,238,14,6,Del Norte,9047176.8046875,27369.6547145774,0b985ba9-d50b-4c8c-9bb9-7bd7ea85a1ff
92,Cudahy,23828,89,2,2,29,56,214,39,111,64,3,Los Angeles,4619389.23046875,12556.3541993487,9772afdb-d8c3-46e1-b0c9-3798b7e29fdc
93,Culver City,39252,182,0,2,102,78,1647,172,1380,95,1,Los Angeles,19392272.7109375,43000.490746853,027a401f-7166-4f9c-989c-cb48ffc50245
94,Cupertino,60357,55,1,6,14,34,1018,175,803,40,1,Santa Clara,46432499.9726563,61921.0830346664,bbc4a4da-29f5-47fc-ad55-2f0ef9594276
95,Cypress,49085,52,1,7,21,23,596,98,424,74,2,Orange,24931636.0039063,30858.9018578347,7f27c17f-a060-4721-b163-85317dcf71eb
96,Daly City,107748,232,0,44,91,97,1868,170,1517,181,12,San Mateo,31481708.234375,58686.9224074959,f758ddd6-f085-4f6c-8d0c-bb17c0bb9782
97,Dana Point,33779,52,0,0,18,34,399,61,311,27,0,Orange,23829533.8007813,35764.3800881183,a22cb1f5-4c3e-465f-a3c7-004c57308fb1
98,Danville,44997,23,1,5,7,10,296,36,247,13,1,Contra Costa,75149079.2265625,59498.8340194345,dd4f0b62-66b2-4651-ba8e-733eee15684b
99,Davis,69767,107,2,21,44,40,2190,274,1816,100,4,Yolo,42513322.7070313,43727.0761240824,a2339da4-4198-40b8-a428-15783c349cea
100,Delano,53002,205,8,8,33,156,1118,203,603,312,40,Kern,58185971.71875,81035.505056398,c1ba4d11-7395-4df5-ad5a-e4ec3b122467
101,Del Mar,4369,7,0,1,2,4,67,17,37,13,0,San Diego,6528006.859375,15013.9662996651,272ec060-91fc-480f-9760-9d392695054f
102,Del Rey Oaks,1674,7,0,0,6,1,39,8,30,1,0,Monterey,4354362.5859375,15438.2679649463,97c2f816-9d14-454f-b787-ea76ca2f994e
103,Desert Hot Springs,29107,255,5,13,59,178,680,301,216,163,4,Riverside,115059015.949219,89443.7519455644,f03901d4-e5c1-43e6-adbe-8cbf747f410b
104,Diamond Bar,56364,72,1,4,25,42,908,282,574,52,2,Los Angeles,56260173.3046875,40852.0669566082,0249c0e4-090b-454a-8a6b-1e99971f89ad
105,Dinuba,24685,161,1,5,25,130,530,58,405,67,20,Tulare,26401253.625,32025.4985524667,14af3a48-508f-47b9-89db-1271b638086f
106,Dixon,20775,54,0,4,14,36,389,35,284,70,3,Solano,30637808.0859375,45030.9713116688,d53bfc36-aa76-4d68-991d-70de339e80e8
107,Dorris,897,4,0,0,0,4,11,8,2,1,0,Siskiyou,3429176.59375,10506.6316227417,1f5b113e-71a9-4bc0-ba27-82d70ef23460
108,Dos Palos,5594,64,0,0,2,62,169,36,89,44,3,Merced,5625361.65234375,19920.8753052145,72e94b51-526f-4fd9-8ffd-20f485340515
109,Downey,112330,352,4,30,151,167,2473,344,1566,563,4,Los Angeles,47429348.0,33293.6806422824,140938f1-aae3-4682-b65a-e9410156ff8d
110,Duarte,21550,55,0,2,10,43,305,48,215,42,1,Los Angeles,25352553.4179688,41232.9447734242,296f3fca-868a-4116-8516-f385bfd22587
111,Dublin,66072,107,0,7,43,57,1259,114,1052,93,3,Alameda,63102256.5585938,47525.9444602977,ad014bab-425f-45db-bcbb-0d718853a44c
112,Dunsmuir,1564,14,0,4,0,10,18,6,11,1,0,Siskiyou,7928150.3515625,31070.5122199109,e46edaa3-feda-49f0-af61-870e6ff9bd6a
113,East Palo Alto,29686,144,1,22,57,64,533,67,360,106,6,San Mateo,10429455.75,17040.0888837243,0622de19-2504-4575-8445-4dc46ae9ee14
114,Eastvale,66310,83,0,3,23,57,944,151,676,117,0,Riverside,49689314.671875,44382.0657163342,4eb4567b-8131-4182-9901-cf5636066d08
115,El Cajon,103686,552,3,38,201,310,2046,371,1316,359,15,San Diego,53431661.0625,86079.6035144981,71ddf90f-3d4b-4294-937f-b9ccf4521ef1
116,El Centro,44303,143,3,9,41,90,1184,228,861,95,7,Imperial,44662188.90625,50443.6951513556,20c0aa9a-cb6f-4073-a231-44cfaa4b85ad
117,El Cerrito,25857,152,1,4,91,56,1300,166,1054,80,7,Contra Costa,15324817.5976563,20414.0993249826,5386b0ce-8c5f-434b-bed7-10269dad0cbf
118,Elk Grove,175492,372,0,35,114,223,2599,292,2107,200,10,Sacramento,180614318.03125,85062.4264201786,cdf4856a-d3f7-4a4c-b23f-6d8719a8efa4
119,El Monte,115830,304,2,34,126,142,1787,347,1046,394,17,Los Angeles,36375737.5820313,39418.7893358009,c123241e-5890-4f71-abf6-bad68dcbb190
120,El Segundo,16727,82,0,5,30,47,625,164,387,74,1,Los Angeles,20524972.4375,21114.5546261691,637e99b5-d200-49d0-b77c-d91380abe98d
121,Emeryville,12380,166,0,12,114,40,2623,95,2415,113,3,Alameda,5216920.73828125,16662.5732975122,d876b8d2-5edb-4ce4-b07f-308e04686d0f
122,Encinitas,63320,86,2,10,15,59,605,115,422,68,1,San Diego,72182317.5429688,58535.0869649252,efde41bb-1ea9-4829-955f-30182d261d3f
123,Escalon,7644,16,0,1,0,15,135,25,102,8,1,San Joaquin,9845771.80859375,31546.1028880539,258b5c6c-8839-4d23-a66b-c20855fb69cf
124,Escondido,153215,536,4,51,143,338,2373,379,1599,395,8,San Diego,138573561.773438,205329.721891013,967d38a2-52b7-408d-8b74-271e425402b5
125,Etna,716,2,0,1,0,1,0,0,0,0,0,Siskiyou,3470354.29296875,11297.0685031613,20ee8dfb-4d06-4b70-9df3-0b9ea7999bde
126,Eureka,26973,195,3,29,63,100,1350,187,977,186,24,Humboldt,72595035.28125,67001.7621693919,d9eecf1e-8100-443c-80cb-4fb04f96fad4
127,Exeter,10557,26,0,5,5,16,265,52,188,25,1,Tulare,9753333.3203125,20871.6456755704,d1a94e43-49ca-4c9e-a9e4-ef394426bda3
128,Fairfax,7569,9,0,3,0,6,92,13,77,2,0,Marin,9362702.875,26563.2614439302,71bcc0c5-6be0-4708-a905-a3452aad87e9
129,Fairfield,118383,442,5,48,162,227,3782,359,2780,643,23,Solano,176053174.117188,159968.993582147,66711b6c-64ba-4de6-af6c-73a257612590
130,Farmersville,10781,35,0,0,5,30,190,24,138,28,3,Tulare,9056224.69140625,22231.5974039177,edd42d55-fc22-4d7b-8ca2-c48b0644ab5c
131,Ferndale,1363,4,0,0,0,4,24,2,17,5,0,Humboldt,5185693.95703125,11752.2745641248,b794dce2-d23a-417b-bb04-8261630c8438
132,Fillmore,15911,20,0,5,3,12,123,24,89,10,4,Ventura,12609623.3632813,27109.0940171828,6d108b8d-d4da-4160-ad92-78c4cfc67d91
133,Firebaugh,8433,11,0,2,2,7,103,15,51,37,0,Fresno,14568509.0859375,34938.4764622032,cf8fe876-d809-476e-8bf8-b2ceab474742
134,Folsom,79927,82,0,12,29,41,1484,278,1127,79,3,Sacramento,127828711.875,60618.547716755,2b5126f2-2f20-487c-b057-037a71ec6fa0
135,Fontana,215883,739,6,83,206,444,3094,483,1846,765,9,San Bernardino,164072192.320313,91356.776229656,7d7da582-ac88-428f-8b40-466e7d5feaf1
136,Fort Bragg,7366,32,0,5,7,20,316,38,262,16,1,Mendocino,12609209.6796875,47830.7809436574,44dab379-6277-4091-87ed-6acfd07c8347
137,Fort Jones,690,2,0,1,0,1,34,12,21,1,0,Siskiyou,2873459.64453125,14024.3054955159,a6d99610-ccfb-4e10-be8e-e475cf7591d8
138,Fortuna,12317,28,0,2,9,17,317,50,231,36,7,Humboldt,23527739.0820313,34275.2805122921,089cded8-1c3e-4096-ae60-a7681e5de479
139,Foster City,34624,39,0,10,8,21,425,63,341,21,2,San Mateo,17727304.7382813,21511.8784789167,92313dfb-ecc7-4e48-9645-1de59d7537b9
140,Fountain Valley,55858,53,0,5,23,25,1163,163,914,86,7,Orange,34015923.2460938,26310.6960313261,6f0d5768-0966-4c8a-bf42-90b4d676ed1e
141,Fowler,6904,29,1,2,5,21,104,42,43,19,0,Fresno,10684029.9375,30865.7067888253,b22e762e-5c33-48bf-9d25-fcf3526ffaec
142,Fremont,240887,400,1,36,159,204,4523,547,3408,568,17,Alameda,324788152.777344,144697.719943739,0ef384e5-e463-4cbc-b281-37d2a37d23a2
143,Fullerton,140194,373,2,80,108,183,3157,318,2479,360,13,Orange,84592255.6445313,60838.9970048308,0581ad17-ed41-4781-a836-8a86325ba525
144,Galt,26796,77,0,10,15,52,449,71,340,38,7,Sacramento,30398390.5742188,46752.88692123,be7f91bd-bbaf-4824-89d3-d0a41d92a73d
145,Gardena,59833,324,3,20,131,170,1202,236,658,308,6,Los Angeles,22071814.125,24272.2339213504,8e9798e8-1aa4-4e5e-8cca-051d27734806
146,Garden Grove,172832,505,6,54,185,260,3909,627,2778,504,17,Orange,67328032.890625,75728.7085274797,92a3f12b-8f13-450b-b490-3fbc4c9c36f9
147,Gilroy,60106,251,5,37,69,140,1479,186,1034,259,23,Santa Clara,67431296.4921875,73015.263574911,8020f735-8056-4988-a1cb-939bf704e378
148,Glendale,202601,231,5,16,93,117,3305,480,2562,263,13,Los Angeles,116231433.210938,70336.1906696737,3de0b61a-bc0a-4a0b-bbf2-a0c0dd7fd7ec
149,Glendora,52211,155,1,21,38,95,1501,187,1241,73,6,Los Angeles,74515449.5625,59814.3264611766,88217cd7-d6f7-43ba-81b7-ee49b580415e
150,Goleta,30930,40,0,2,6,32,509,114,355,40,0,Santa Barbara,30092246.1132813,46802.1309419932,643c32b4-6c18-4e17-af33-2e962024b099
151,Gonzales,8408,17,0,1,4,12,73,12,40,21,1,Monterey,7545441.81640625,27134.3402274752,138c9ee0-c0d8-482d-bd86-162ae574f0a3
152,Grand Terrace,12651,37,1,4,8,24,237,55,149,33,4,San Bernardino,13349239.609375,21841.2242623075,18f9d4c6-df3b-414c-8dc5-93426e9bfcb3
153,Grass Valley,12919,73,3,0,6,64,463,76,326,61,1,Nevada,23952067.1679688,48041.9695399109,222fe0f4-ccb3-4347-a214-1e23d5c6bf91
154,Greenfield,17809,54,1,9,9,35,165,31,98,36,12,Monterey,12209154.328125,30925.4042218567,3bfe84b7-f250-4869-84ab-de3425369204
155,Gridley,6618,29,0,15,3,11,205,47,136,22,3,Butte,9828394.671875,27050.4855657333,e24fb3fb-19e3-42af-83fa-e07c62ddca79
156,Grover Beach,13574,13,0,3,1,9,239,56,151,32,1,San Luis Obispo,9027564.046875,15132.2395055653,868c17b8-e6a7-4ec4-9e7e-0a3e6a70e2c8
157,Guadalupe,7696,15,0,2,3,10,82,32,34,16,2,Santa Barbara,5144463.6953125,17835.6436482855,295d55ad-96ca-467b-800b-730341e52b12
158,Gustine,5896,21,0,2,4,15,116,32,54,30,3,Merced,7397082.0234375,29208.4129123523,86621e07-ec00-4c59-b567-b87e63aada8e
159,Hanford,57232,257,0,18,40,199,1242,131,900,211,15,Kings,70232314.7460938,103732.446115516,adc182f0-8bc4-40ed-b616-719b42e9afa5
160,Hawaiian Gardens,14320,76,0,5,24,47,225,68,101,56,3,Los Angeles,3590395.93359375,9456.85077784985,8638868c-f38b-4d71-8786-487c46fd62d8
161,Hawthorne,87305,636,3,34,190,409,1485,199,930,356,7,Los Angeles,22848027.5585938,40451.3909028261,1365c847-1a2c-4da9-bb81-82c1717f43a2
162,Hayward,161588,552,5,54,275,218,4886,448,3197,1241,27,Alameda,187926706.820313,150960.214415739,786eeda4-a80f-44e3-bd88-cfb55e862228
163,Healdsburg,12208,17,1,1,3,12,176,17,142,17,0,Sonoma,18654908.8007813,41332.2945573473,2b5ef355-e0d5-4752-90dd-5f37d89a1582
164,Hemet,86082,343,5,23,121,194,2877,757,1547,573,21,Riverside,109830880.730469,87602.1666845229,68c59d9e-7cbb-408b-b7d1-917e8d297002
165,Hercules,25789,31,0,5,15,11,341,31,278,32,0,Contra Costa,26787906.6445313,32377.2242691485,9f16a7f0-5b03-4124-9dbb-a61083f78dd0
166,Hermosa Beach,19460,51,0,7,9,35,449,97,326,26,4,Los Angeles,5487784.8984375,10506.4196144161,fdfd3f6b-61bb-4af0-88fe-6b773ce45904
167,Hesperia,95915,462,8,35,111,308,1664,443,893,328,17,San Bernardino,277190052.414063,163259.602060628,350a462d-63eb-49fd-9c82-962a8e8f924b
168,Hidden Hills,1903,1,0,1,0,0,18,10,7,1,0,Los Angeles,6400680.5859375,15762.6601617897,eec7bb2d-92af-4e71-b78c-e0a94a9ebe49
169,Highland,55686,362,7,19,90,246,906,167,511,228,8,San Bernardino,70780878.4570313,81842.6718047581,b9659490-d33e-4303-a640-311eb4ed1263
170,Hillsborough,11521,5,0,0,1,4,97,46,49,2,0,San Mateo,25561624.3671875,33968.9271988645,f9cbeeb6-41c1-47c5-9f92-566f250f4976
171,Hollister,40399,114,1,15,27,71,311,61,174,76,5,San Benito,32995623.625,91879.275745287,74df12fc-b73e-40d9-a0ce-2ee363e7a14e
172,Holtville,6774,14,0,1,2,11,70,13,53,4,4,Imperial,4221823.921875,15071.5501804571,209204a3-c199-44e0-b498-6501523771f0
173,Hughson,7671,5,0,0,0,5,46,8,29,9,0,Stanislaus,7453067.0,17654.6763323405,660ec66b-b9a6-497a-a9e1-0c68d46d23ab
174,Huntington Beach,201843,386,2,61,99,224,4144,535,3280,329,22,Orange,103208441.046875,77682.8319237742,9ace9931-8d8a-45a6-9615-425714aa322c
175,Huntington Park,58181,458,3,31,249,175,1595,214,861,520,9,Los Angeles,11402981.875,24400.3767493443,d105a554-fcfd-41e7-b0a1-6ac022100363
176,Huron,7359,83,0,1,10,72,56,13,25,18,13,Fresno,6737058.07421875,17300.2656834056,0f702375-58a2-43ba-a0d6-9ffb0bb61eac
177,Imperial,18090,5,0,0,1,4,56,10,36,10,0,Imperial,23161095.4804688,43030.9819306942,ca29ac7f-4b4c-4b5b-bde6-8f7ef344f02b
178,Imperial Beach,27583,72,0,5,16,51,331,57,195,79,1,San Diego,15916121.4140625,20877.2155003246,ef1eca96-b283-42b2-8a6d-9eca028bd869
179,Indian Wells,5500,13,0,1,2,10,138,44,89,5,0,Riverside,54714791.8867188,37000.3796159802,58c9b952-1278-44c4-91fe-55ec29c0a952
180,Indio,92803,530,1,45,118,366,1880,304,1218,358,6,Riverside,128486304.171875,88236.0907133974,50daba69-c544-4922-b0db-a8db1a73849e
181,Industry,201,72,0,1,41,30,1180,156,899,125,7,Los Angeles,45486035.1601563,134966.280098386,01bbbe9e-e665-4801-bd5c-4d8488308769
182,Inglewood,109386,671,2,51,358,260,2321,308,1356,657,8,Los Angeles,34347661.0117188,33226.1317446045,2c6a727e-9315-40df-9e23-b4510279af10
183,Ione,8454,11,0,1,1,9,46,9,35,2,0,Amador,19481241.4492188,29435.8182497201,de873e25-83f8-46eb-ae56-a7427ee769f4
184,Irvine,292673,188,1,52,66,69,3823,574,3086,163,9,Orange,247401855.121094,95122.6911095878,2bd8a2f4-0ce1-4272-8807-406ccb8d2dbc
185,Irwindale,1469,26,0,1,8,17,240,73,139,28,3,Los Angeles,36466011.9296875,48481.2316503603,9fd1d90f-5899-4e0a-8ad2-05589f5a6fe9
186,Isleton,849,7,1,0,0,6,4,1,2,1,0,Sacramento,1958408.734375,10250.50420032,866e9f78-8514-4116-987f-6af297d6ad1d
187,Jackson,4797,30,0,3,0,27,133,15,107,11,9,Amador,15153684.6875,34718.1514196566,001b8d61-08e9-4eb1-932d-1d12599e3d40
188,Jurupa Valley,110111,317,6,7,86,218,2494,406,1346,742,8,Riverside,164923950.671875,61890.0614260409,ecf83700-0311-4634-ad74-e5618d65049d
189,Kerman,15223,23,0,3,4,16,308,58,214,36,0,Fresno,13607246.1289063,22574.903209005,481dd15d-6875-4e1b-8911-9e27e4873134
190,King City,14170,19,0,3,9,7,148,43,80,25,10,Monterey,16014595.1601563,31565.1988254942,3913746f-b414-4cd6-83c7-bc7e7d404d96
191,Kingsburg,12123,18,0,2,3,13,219,76,107,36,1,Fresno,14958994.15625,30624.4041127961,f4a7f4aa-e788-48f9-bebe-0f7f424437fc
192,Lafayette,26872,4,0,1,3,0,358,42,286,30,0,Contra Costa,63283520.6171875,55338.3834566903,df930c55-b08d-4b57-93dd-01f26511050b
193,Laguna Beach,23020,38,1,17,5,15,326,43,261,22,3,Orange,33138917.0585938,64389.0854700343,e61c297d-07f9-4ad6-be45-08ecc01336b9
194,Laguna Hills,31123,32,0,3,15,14,405,82,288,35,2,Orange,24878973.8632813,36409.4749635309,53d7c7b5-27e8-4275-a759-18b7c286ff69
195,Laguna Niguel,66671,43,1,9,12,21,607,105,463,39,2,Orange,55229713.3867188,44223.7391339646,0b8abfdb-f64d-4a4c-95df-0c9d768a5b5e
196,Laguna Woods,16043,7,0,0,2,5,124,20,96,8,0,Orange,12378183.5546875,27897.5638547132,cda6db4d-21b3-45e2-b468-a78c20156c17
197,La Habra,62416,140,0,20,41,79,1122,188,789,145,0,Orange,28562319.1015625,27108.1499262557,d42b6fd3-4fda-4693-b924-5e5601e7a3dd
198,La Habra Heights,5357,4,0,0,1,3,79,29,45,5,1,Los Angeles,23237655.734375,25717.6686676661,bb19b394-663d-42ae-a3b8-80f3ff3af695
199,Lake Elsinore,70262,173,3,3,43,124,2005,233,1409,363,4,Riverside,163036845.300781,113953.132113739,4b5c3acc-35a7-436b-b21a-3d7fb7780b44
200,Lake Forest,86691,66,1,7,14,44,684,108,503,73,2,Orange,62917505.2226563,39881.6113500689,f3d6a46c-88ab-469b-88cb-43f056c2d669
201,Lakeport,4959,34,0,3,7,24,160,29,110,21,0,Lake,13401014.625,27465.1796103422,82dc67ea-7968-4c75-9e80-746dc198962f
202,Lakewood,80151,222,0,20,104,98,1846,303,1354,189,3,Los Angeles,35596072.2773438,45731.4557849786,fba23d2f-839f-4a3a-8ff7-122139ba1c33
203,La Mesa,59865,174,1,22,76,75,1000,138,715,147,2,San Diego,33194719.7226563,49608.2921700486,ecd9bfb8-a2c8-4a39-bdff-0615f4fad87f
204,La Mirada,48702,86,0,6,28,52,701,145,463,93,3,Los Angeles,29566087.3554688,29339.4137717257,0d4cbff8-fcef-47e2-b9be-1c631685efa6
205,Lancaster,159335,1359,7,114,374,864,3346,792,1916,638,49,Los Angeles,362603669.148438,252267.671355132,28879432-47b4-421e-af4b-c4e539740429
206,La Palma,15571,17,0,1,7,9,302,41,242,19,1,Orange,6802322.7734375,16510.7904487942,ac4126ee-56eb-49e5-b426-9b5d17d9bd06
207,La Puente,39916,151,3,6,53,89,449,75,248,126,5,Los Angeles,13139034.4101563,31989.298196675,3cc86b6c-53b1-4656-8ea6-d74e781026bf
208,La Quinta,42044,68,5,5,17,41,1032,158,809,65,1,Riverside,133849046.148438,74293.2293567278,c0d9128e-8602-49f0-97b8-d408a2bbbbef
209,La Verne,32344,51,1,6,13,31,627,133,447,47,2,Los Angeles,32257082.15625,42546.1443352521,dc8e1376-b6e1-46a7-9e96-bad361a89613
210,Lawndale,32751,125,1,6,40,78,411,83,228,100,4,Los Angeles,7442780.76953125,13589.2994598606,56c33b8d-01cc-4311-aaa6-e7eeedafdf9b
211,Lemon Grove,27175,167,2,4,54,107,552,67,365,120,1,San Diego,14357877.015625,23548.0342435934,34891cae-eee5-439e-bd4e-f6b87271b6eb
212,Lemoore,26728,126,1,17,14,94,372,71,264,37,6,Kings,35652611.3945313,39733.582169103,4e8e0a7b-46f0-4678-9f53-46d842721eb9
213,Lincoln,48625,32,0,4,4,24,468,78,351,39,2,Placer,101593332.101563,65465.9506515907,db225263-f576-47b9-9c1f-5e7ef37c9dd8
214,Lindsay,13708,69,0,5,13,51,250,48,119,83,8,Tulare,10821316.0585938,24491.6118849095,37018578-0aa2-4f86-9ccf-a943cd2588d7
215,Livermore,91418,193,2,30,39,122,1554,139,1279,136,4,Alameda,110291983.125,104569.913042047,5953d428-30f5-4db6-addd-788b33dd6d62
216,Livingston,14607,40,0,1,11,28,315,85,164,66,0,Merced,15185179.4570313,28543.0067278259,9d08a496-0c9a-4b0e-93a1-a7e89467e7ac
217,Lodi,67612,237,3,16,88,130,1658,358,1016,284,15,San Joaquin,58646344.7617188,62878.7883997064,3e9686da-fb56-4042-9cef-445443f40af9
218,Loma Linda,24512,77,0,7,17,53,559,125,336,98,5,San Bernardino,32998243.2578125,29108.8781077374,ea48945c-1f20-46f0-9ca1-66f168ba702e
219,Lomita,20553,67,0,4,26,37,254,53,161,40,2,Los Angeles,7217657.109375,16515.6223712432,65b74735-169c-49da-8e6a-ac6a764fae31
220,Lompoc,42818,291,7,29,32,223,1057,238,583,236,18,Santa Barbara,44921248.1953125,48729.2242162601,af810fa7-c6f5-4d9b-9237-c8ef431948a1
221,Long Beach,467974,2369,34,249,958,1128,11297,2185,6754,2358,153,Los Angeles,195374788.878906,120342.436796653,37da0940-b901-43e2-9081-01324c08eb66
222,Los Alamitos,11541,6,0,1,3,2,130,41,73,16,1,Orange,15409187.5507813,25658.7853177052,615b105f-2681-4fba-b8dc-4241febfb8bd
223,Los Altos,30716,21,0,3,4,14,310,107,181,22,3,Santa Clara,26806472.2070313,42741.9636341469,2d9ad820-b5aa-45eb-99c4-afe08c89bb4b
224,Los Altos Hills,8622,3,0,1,0,2,67,29,38,0,0,Santa Clara,37228036.171875,44258.5725939138,c3f915c8-221c-47fd-a5d9-e20a104901bd
225,Los Angeles,4015546,29400,258,2274,9652,17216,95704,13809,66253,15642,1672,Los Angeles,1783699495.15625,596444.919468046,44ec38ce-cd51-4f14-ae4e-aef55d285bfe
226,Los Banos,40607,143,2,12,36,93,886,231,506,149,5,Merced,43298500.4570313,57222.7067406855,4ea081dd-0161-4721-ae73-22fe5e5f14c8
227,Los Gatos,30793,14,0,2,6,6,419,57,332,30,0,Santa Clara,47689984.6171875,92916.2099173324,234e9799-1c9d-4a40-a371-e34b86c32bff
228,Lynwood,70619,454,1,21,218,214,1419,189,723,507,14,Los Angeles,18294345.6601563,26554.264533099,4a1f3820-5bdd-4c05-942a-f6345857b6c9
229,Madera,66250,334,2,32,77,223,1301,235,824,242,10,Madera,67723732.9609375,72605.2110377074,7f76bdbe-f036-40d6-8eed-d64564068b7f
230,Malibu,12794,44,1,5,16,22,416,86,311,19,3,Los Angeles,73975531.421875,92982.981661479,f5b00992-f56c-43ca-94dc-6a8f8aa7d933
231,Mammoth Lakes,8114,42,0,15,1,26,131,17,105,9,2,Mono,104102584.164063,58077.39859624,ecbae51f-4473-4c25-9d15-ee04a0c663be
232,Manhattan Beach,35583,55,0,5,33,17,851,160,648,43,1,Los Angeles,14926378.46875,17595.2238846574,9ae46d58-9b66-42c2-9e37-8b12cb4c6681
233,Manteca,83523,199,3,27,66,103,1848,239,1327,282,18,San Joaquin,89300733.7734375,87492.4815097322,4cf5f208-1839-4213-b26f-4fa6508528b4
234,Marina,22911,43,0,6,10,27,361,67,242,52,1,Monterey,35446986.8398438,38422.8669723451,52a2d3dd-492a-4d63-9d12-d3ff74f70721
235,Martinez,38692,83,0,17,26,40,570,99,386,85,11,Contra Costa,52940579.484375,74620.7855349447,13aacadc-944e-4e51-8deb-501e786d8d50
236,Marysville,12572,116,2,20,23,71,541,81,324,136,9,Yuba,15713109.28125,26996.4854507575,6ba0368d-bcb5-4693-9eb5-e8259c346860
237,Maywood,27286,90,2,7,23,58,296,60,143,93,3,Los Angeles,4438563.49609375,11065.7834962406,d2f9e866-c697-4a62-8cb3-4093cce23c94
238,McFarland,15529,67,3,14,9,41,163,52,53,58,21,Kern,11851694.0273438,31411.9445039601,3d5f545d-59ec-4110-ad92-e21b79804213
239,Mendota,11433,83,1,4,4,74,155,45,50,60,1,Fresno,13475055.6953125,34555.5949192477,2379517b-cc39-44a1-8227-12651a1d2e30
240,Menifee,94595,145,2,4,47,92,1892,269,1273,350,0,Riverside,174635870.039063,83343.6694492775,ff111094-75c0-425b-bf44-fbad15a435e2
241,Menlo Park,34871,50,0,16,13,21,774,110,633,31,0,San Mateo,41852669.8476563,69961.0856747928,171f896b-3456-4a5b-8247-6574c4ea58f6
242,Merced,83854,540,5,34,103,398,2342,396,1439,507,70,Merced,95885024.0976563,133704.71088363,d46d7710-4518-4a7a-a556-63aeb2565458
243,Mill Valley,14343,20,0,1,9,10,223,36,177,10,1,Marin,20078173.3867188,35589.9807841193,04eb633e-6d65-4302-b9f5-b69ec8670b37
244,Milpitas,82344,102,2,15,48,37,2193,201,1791,201,2,Santa Clara,55691336.8085938,60850.4116832612,1967f95f-49a6-41fe-b643-e0c5da526fb7
245,Mission Viejo,95453,65,1,8,22,34,866,121,689,56,5,Orange,67400724.9179688,47273.0543881292,061b1c25-3937-465d-908a-28dbdda3a9a8
246,Modesto,216542,1758,13,94,399,1252,7183,1149,4849,1185,95,Stanislaus,185629914.371094,200787.278234542,0ad84b7b-1b9a-4413-a4a2-b1fd6c6a913f
247,Monrovia,36730,43,1,9,16,17,845,87,686,72,10,Los Angeles,52129580.9765625,53149.2903470201,375beacb-1a69-4b88-8586-8d1cd424be10
248,Montague,1399,8,0,1,0,7,32,15,13,4,0,Siskiyou,8089220.23046875,16687.0001834397,6ed54f4d-0897-4804-b7f2-da2b9cab3a8e
249,Montclair,39787,234,2,35,70,127,1469,355,868,246,24,San Bernardino,21030149.1796875,23083.9476568883,734c62e5-f1d9-4fbf-91f5-b44c34f2180a
250,Montebello,62650,178,0,11,90,77,1448,480,580,388,81,Los Angeles,31602688.2304688,36783.7997541433,9180b570-ec79-48c7-849f-de803385000d
251,Monterey,28337,78,0,11,23,44,975,127,774,74,4,Monterey,33754032.4375,62534.6719586823,707d0180-dcb2-45c6-9b52-ffb6a310f801
252,Monterey Park,60424,126,0,7,59,60,1355,267,929,159,0,Los Angeles,29283299.4570313,29326.9281861026,f77f8b88-b210-42bb-ad79-6e35cea176b6
253,Monte Sereno,3507,0,0,0,0,0,12,2,9,1,0,Santa Clara,6641003.8671875,25308.2288234222,02b6e4b2-a5ca-48b3-a5fa-720173e60aa8
254,Moorpark,36826,26,0,7,7,12,228,34,183,11,0,Ventura,47443273.5585938,42232.073832857,841bd400-c189-433a-8059-5eded8f06514
255,Moraga,17908,23,0,1,3,19,124,36,79,9,3,Contra Costa,39419995.625,39240.7394193598,4176e25e-0d84-44ba-a6a0-77f74df0bdd1
256,Moreno Valley,210979,847,15,19,290,523,5534,966,3489,1079,9,Riverside,194325185.410156,94349.3756158182,e6e70e14-ae43-4008-bd5e-9acd959db85c
257,Morgan Hill,46118,52,2,3,14,33,703,102,507,94,0,Santa Clara,52684187.625,107865.185672825,b7259c9b-5971-4966-8fa7-01606af16149
258,Morro Bay,10624,21,0,1,3,17,127,15,102,10,0,San Luis Obispo,23663789.9296875,34075.0778035956,15887f9f-9e3f-4b0e-be8c-a63216c138ae
259,Mountain View,84599,165,0,20,49,96,2463,321,2030,112,6,Santa Clara,49802185.8867188,55031.9963453227,40d867f7-9681-4ec3-8170-f0a856d11aab
260,Mount Shasta,3274,12,1,0,2,9,35,5,24,6,0,Siskiyou,16632746.3632813,35894.2412463429,79ed1955-0d0c-4c94-8861-e67879d9ae98
261,Murrieta,116413,77,3,19,26,29,1512,206,1080,226,4,Riverside,125624122.730469,69379.4001279211,48a0e2da-00d0-41dc-9b3f-3fa3083094fb
262,Napa,79526,280,1,66,55,158,1232,248,847,137,46,Napa,77254315.6640625,129503.778061575,cb747d58-3314-488e-a985-5904060201bc
263,National City,61791,364,0,26,130,208,1123,114,735,274,5,San Diego,34048338.6171875,65504.2692005885,8a3be6d0-c207-476f-adb8-579adf835e40
264,Needles,5001,71,1,4,6,60,174,66,97,11,10,San Bernardino,120051685.738281,65594.8817845209,790e51fa-851d-4bfc-972e-af957a2be57f
265,Nevada City,3150,15,0,4,1,10,89,26,49,14,1,Nevada,10164505.3710938,26120.7803190496,2d534d36-2c89-4846-adf2-782bcbe22521
266,Newark,48945,85,0,13,40,32,1399,187,1090,122,6,Alameda,57958722.8203125,38337.6994856263,b58983fe-0a2d-4b91-aaba-7e14d7e49ab2
267,Newman,11844,16,0,2,3,11,113,25,68,20,1,Stanislaus,9151114.15625,23302.3138792738,3d9cbbc4-a0e8-4824-bd31-23223da0e89f
268,Newport Beach,85325,135,5,29,32,69,1764,273,1344,147,7,Orange,96841480.0390625,74625.3428956202,78e7dcd6-0aca-4b8e-bcad-0f5884ea35df
269,Norco,26557,49,0,3,14,32,669,136,434,99,0,Riverside,52726840.3984375,44775.1228194936,6f1c0b00-2715-4f6c-919b-75866e69996e
270,Norwalk,105067,432,5,21,138,268,1571,343,922,306,18,Los Angeles,36808130.2851563,33681.1472121842,d738943c-2fd0-4f6e-9b55-b8dc8e19eaf3
271,Novato,56134,148,0,6,26,116,890,102,711,77,3,Marin,116161736.878906,114776.014026665,2f0783f9-faf5-481d-8688-5196ba4ce8fa
272,Oakdale,23808,40,1,5,9,25,531,99,342,90,0,Stanislaus,25993337.3203125,44432.5248425741,ecda4497-08bb-4300-9509-ffdd7d6b13ab
273,Oakland,434036,5520,78,372,2859,2211,27868,2599,20228,5041,207,Alameda,234498887.753906,151709.030330658,f7168a0b-fcec-44bd-a043-a2719477a688
274,Oakley,43014,51,0,7,17,27,497,74,336,87,3,Contra Costa,67623872.40625,48766.394827593,e5bb06b8-1528-4e53-bbb9-d9bc39bf5a9d
275,Oceanside,177129,712,4,97,163,448,3736,426,2858,452,23,San Diego,156306446.886719,88470.8786148173,9e423d4b-3359-444b-b4bb-010c5bc2933a
276,Ojai,7499,8,0,5,0,3,74,15,56,3,1,Ventura,16674611.1640625,27349.5567964179,6518a0c2-bc77-45e0-89d8-1e9158d0da4e
277,Ontario,183322,659,10,85,223,341,4290,710,2652,928,31,San Bernardino,188782789.339844,65548.4801123092,3c71896c-447f-4065-80b5-899d61ad858f
278,Orange,139830,180,3,18,76,83,2184,387,1546,251,7,Orange,97108748.2734375,125491.478696717,7e0caf2e-0218-4af9-b419-31ef4b4edfe0
279,Orange Cove,9635,18,0,0,2,16,61,12,38,11,0,Fresno,7307082.8203125,17047.998553581,0799045d-05c2-4dc9-9cb9-621cab63d944
280,Orinda,20071,17,5,2,7,3,195,52,125,18,0,Contra Costa,53560363.1835938,48145.8364134262,e553e63e-3c81-4afc-8748-dd3c7c3b956d
281,Orland,7679,33,0,4,8,21,134,23,86,25,0,Glenn,13208664.6601563,26207.6976093362,e9ec2da1-2708-4692-8218-035249863b9d
282,Oroville,19268,122,2,24,30,66,822,176,435,211,19,Butte,60863715.7890625,92788.2091153017,c7dc2e70-691d-4a12-84eb-ed15cf4b28dd
283,Oxnard,211349,724,13,62,275,374,4242,670,2987,585,48,Ventura,103342465.460938,119737.081398653,ed3eb1de-6489-4499-93db-74b5e6d57615
284,Pacifica,38938,79,1,22,14,42,533,81,408,44,2,San Mateo,51327798.7148438,50244.9730161096,dfbd888c-00f3-46d9-ba96-20057d45e27a
285,Pacific Grove,15605,14,0,1,1,12,169,27,136,6,0,Monterey,11568089.078125,24160.3206710167,fe1c9c1d-0235-46fb-80e1-5fa05b8725c6
286,Palmdale,157138,658,8,55,194,401,2230,447,1384,399,17,Los Angeles,407166454.390625,252670.916212207,7f3a659a-c896-4a8b-9a02-c5508f15e3c7
287,Palm Desert,53776,136,3,7,24,102,1848,338,1382,128,6,Riverside,101242338.933594,75849.3998820899,6a59185f-5261-4131-a53a-27797b5be067
288,Palm Springs,48846,267,7,38,66,156,1966,502,1210,254,4,Riverside,355393408.011719,176668.781196456,81826d6e-9d1d-41f6-ad1d-a1604ed38468
289,Palo Alto,66938,86,1,10,46,29,1983,179,1722,82,8,Santa Clara,99492988.1367188,116664.57201978,be227d57-337d-46da-9422-3f3972d53121
290,Palos Verdes Estates,13400,4,0,0,1,3,88,36,49,3,0,Los Angeles,17963838.265625,26368.0304596918,e6d45a70-a087-45d0-8522-54806611a88d
291,Paradise,26879,22,0,5,1,16,202,83,51,68,1,Butte,79149910.4101563,41387.3558466656,523f4a00-d109-445d-800f-d1f03c6318ca
292,Paramount,54422,347,4,16,151,176,1246,187,775,284,6,Los Angeles,18182373.1953125,24979.9724426193,e58b6525-3ba2-4056-88a1-a0b151b20a0c
293,Parlier,15384,62,0,2,9,51,179,24,106,49,7,Fresno,9710166.62109375,27290.2361682818,71baa17b-7a01-417a-ac81-7b279a290e6f
294,Pasadena,141913,613,4,46,147,416,2866,570,2036,260,34,Los Angeles,87596897.8554688,104400.601221918,b86ee059-977f-4784-8203-fb670852945b
295,Paso Robles,32528,53,0,9,13,31,646,78,523,45,3,San Luis Obispo,78443161.2539063,78994.6132069921,bfa879ff-fe62-4530-82fd-c7d8454f086d
296,Patterson,22584,46,0,6,14,26,434,81,249,104,3,Stanislaus,32954916.0,47779.2368168945,abf505de-3bbe-4139-bfb4-8baa9b0f6e78
297,Perris,80500,262,4,6,97,155,2071,268,1248,555,5,Riverside,119259946.980469,85799.1294523827,4c88752a-ae1b-444a-ae9d-1817ba47404a
298,Petaluma,62425,190,3,22,28,137,789,109,626,54,9,Sonoma,61200535.1953125,67127.9002831159,819adba8-2bdd-4f62-a1a4-f520cafb7639
299,Pico Rivera,62880,234,3,16,67,148,1052,198,581,273,11,Los Angeles,33631078.1953125,35140.8539442078,a7f09faa-e3e2-4026-9c06-67d176d9c559
300,Piedmont,11307,14,0,3,5,6,227,46,162,19,1,Alameda,7100715.34375,11464.9088245272,119a429a-ea28-4d59-8c15-d3783f4cee40
301,Pinole,19439,59,0,2,17,40,866,77,726,63,0,Contra Costa,21390538.734375,34441.4231522048,4a8b6b08-24d8-4949-ab20-38f74cf774b5
302,Pismo Beach,8285,29,0,0,6,23,341,89,236,16,1,San Luis Obispo,13553479.7851563,40020.2736968292,3c268928-da36-44e3-8b4a-febf8ea41d1b
303,Pittsburg,73637,446,7,41,157,241,1660,256,983,421,19,Contra Costa,69615666.515625,71485.9225400739,b5092a10-a09e-422a-8155-4f8e2df0d1a7
304,Placentia,51756,192,0,13,28,151,889,275,511,103,0,Orange,25003669.2734375,45557.7866030387,275f7bec-9e28-4581-870b-08d4a6f891e5
305,Placerville,11123,39,0,2,6,31,281,67,164,50,0,El Dorado,24882613.7382813,56039.5180042872,b614eb58-28a0-4324-b7bd-ecc9542f4326
306,Pleasant Hill,35125,88,0,11,41,36,1484,112,1276,96,6,Contra Costa,29528939.7851563,41249.6220295386,b8041a97-2fd4-4dc4-a845-d7b9cd79ede0
307,Pleasanton,84017,112,0,12,56,44,1632,149,1386,97,4,Alameda,100556714.109375,99485.8340601922,14f304e3-1bf5-455a-acb7-c5e03b230322
308,Pomona,152776,940,12,101,342,485,4208,816,2529,863,15,Los Angeles,86949260.7773438,60093.8122298215,b5a13b13-4dda-45b7-9cde-2c5b732431e7
309,Porterville,60209,192,2,7,47,136,1297,213,835,249,3,Tulare,73626040.7109375,134964.502539811,e924c1d7-3726-492e-8a77-a137229e6659
310,Port Hueneme,22232,43,0,5,14,24,415,63,305,47,3,Ventura,17128019.2734375,19385.6585029836,549c5d90-7b49-4800-a0f5-e4d8a47b13b0
311,Poway,49928,51,2,2,12,35,490,91,354,45,1,San Diego,144426724.417969,77232.8926234222,6549de9f-d074-4913-9abb-98cdbb88786e
312,Rancho Cordova,75869,225,5,12,56,152,1422,233,1004,185,4,Sacramento,147780490.039063,83234.2105554315,74d7d295-ed1b-4f33-87f7-4587a8bc64ac
313,Rancho Cucamonga,179247,500,4,39,108,349,3456,590,2560,306,13,San Bernardino,176217915.417969,64993.5666783682,9a299e85-25e2-4980-a430-50d425658975
314,Rancho Mirage,18481,45,0,1,7,37,628,120,459,49,0,Riverside,96272904.8007813,63952.2573689934,a9ca616d-738a-488c-987d-bcd5b4ecb251
315,Rancho Palos Verdes,41961,29,2,3,2,22,313,102,199,12,1,Los Angeles,50715804.9101563,75838.3720458158,02f23da0-c4f7-4c10-ad51-9d2a833866d5
316,Rancho Santa Margarita,48377,30,0,4,12,14,296,34,250,12,0,Orange,48612722.8554688,53484.8247992307,1610242d-5113-46d8-8db5-bf3e58f5bd6c
317,Red Bluff,14308,133,1,26,14,92,787,205,467,115,21,Tehama,34586653.71875,72739.7786162157,f3e0c01a-3dab-47bc-ac8c-3a5bfb5ca3ac
318,Redlands,71941,257,1,40,70,146,2108,330,1534,244,20,San Bernardino,137182930.191406,111481.867114611,efb2a5e6-8e02-4c10-ab0d-8d76b5d9b05a
319,Redondo Beach,67473,160,1,5,53,101,1370,260,992,118,1,Los Angeles,23634839.2226563,34898.51272754,711dfdd8-fc25-45c7-a6b3-f716838c4ce4
320,Redwood City,87427,189,0,32,70,87,1343,165,1014,164,13,San Mateo,89617439.0625,93611.4612668091,5660f3a5-5a62-48ad-82b5-931b039387dd
321,Reedley,25740,117,1,7,12,97,235,69,117,49,5,Fresno,22607950.4804688,43003.7486545284,ef91d62f-8dad-4162-8b26-61a93fe4d486
322,Rialto,103965,595,8,65,185,337,3149,403,2179,567,16,San Bernardino,91390403.578125,98745.6370998239,96975d0b-4c06-420c-806d-77b8c0f70e14
323,Richmond,110988,1034,16,36,307,675,4188,469,2480,1239,36,Contra Costa,126675636.636719,176965.464693012,45f0f280-5d3a-4a3a-84f9-7cb4d419e15e
324,Ridgecrest,29101,142,3,31,7,101,401,119,243,39,4,Kern,84540228.5273438,69285.6735449347,48eedf70-70d7-4925-b8b7-6103ee5dc7a1
325,Rio Dell,3392,11,1,1,1,8,61,21,36,4,1,Humboldt,11666569.5429688,28074.4491535008,5dc2b8e2-6863-4ce9-966b-2d014c37fc38
326,Rio Vista,9502,11,0,2,3,6,140,31,87,22,0,Solano,28935366.203125,35454.3947119044,9ca0d339-e6a2-44dd-857e-61e7cd0f7a63
327,Ripon,16103,13,0,6,4,3,248,23,206,19,0,San Joaquin,22885456.84375,37095.6139718161,064fb9ff-a16f-4910-9eea-fe0b882d75ce
328,Riverbank,25045,24,1,3,7,13,375,49,273,53,3,Stanislaus,19707228.796875,28698.0202452408,26ff9792-f869-4bbb-a49b-c9b5c4841a50
329,Riverside,333260,1686,17,139,476,1054,9790,1302,6997,1491,75,Riverside,307618936.777344,125771.980799906,f0ce24cb-2697-4cbe-91f3-f3d9802aede1
330,Rocklin,68554,67,0,22,13,32,983,168,738,77,6,Placer,84310905.15625,52386.9677909041,ec539eb0-57ca-471a-823c-4185fc88fda0
331,Rohnert Park,44131,267,0,28,28,211,786,93,615,78,8,Sonoma,30829152.1796875,40766.6339277502,86909745-0623-4620-b48a-54bd29ee30f4
332,Rolling Hills,1868,1,0,0,0,1,8,6,2,0,0,Los Angeles,11232750.6523438,17709.4722533372,6460131d-326e-4a9e-bc2c-775a02f5a4a7
333,Rolling Hills Estates,8151,10,0,0,3,7,126,35,82,9,1,Los Angeles,13510504.5507813,44984.5462724516,eead10cb-6be8-4a8d-8aa4-ab4c0eef04ed
334,Rosemead,54489,175,1,11,74,89,942,196,552,194,8,Los Angeles,19557738.3476563,34742.7230793602,ff890777-604e-4f8e-9e64-61433f2be67c
335,Roseville,141744,259,4,32,96,127,3154,389,2518,247,19,Placer,188369685.691406,103311.790809225,00b182ab-6459-46b9-9a0a-38c2d5e94336
336,Ross,2470,2,0,0,0,2,25,5,19,1,0,Marin,6482114.5625,14630.4885851062,9c0177aa-ad77-43ec-be6e-4752a2382d78
337,Sacramento,513934,3223,34,127,1039,2023,16354,2993,10644,2717,179,Sacramento,427007328.730469,198235.433107305,7223be8a-6d82-49eb-94f7-6db5c9511368
338,Salinas,156943,782,8,66,241,467,3532,742,1709,1081,26,Monterey,94905743.375,59269.1649201877,43a14511-a2ff-4099-af65-ec9a825220a6
339,San Bernardino,216715,2858,46,140,906,1766,9081,2029,4974,2078,75,San Bernardino,236679086.378906,262073.488311803,af9df172-d9a9-46e7-a394-8865892512d4
340,San Bruno,43297,138,0,17,34,87,1139,116,948,75,5,San Mateo,22670974.7109375,29835.1014582865,748e5da7-3eaf-4143-9d11-a74b207ebe87
341,San Clemente,65018,87,1,3,29,54,918,160,700,58,4,Orange,68399728.0859375,46048.6615335189,514c666f-1765-4b53-8d1b-b23faed64e43
342,Sand City,407,9,0,0,2,7,77,4,70,3,0,Monterey,1805350.07421875,7145.79009381909,38daa221-0f57-4943-a48a-72d331e7f735
343,San Diego,1441737,5215,50,561,1346,3258,27141,3543,18426,5172,122,San Diego,1248246435.08984,435778.638159929,9bd96f96-21a8-4f74-9504-658b87b89687
344,San Dimas,34059,78,0,15,15,48,833,113,659,61,1,Los Angeles,58386928.3867188,62777.7392005674,92978ddb-51f6-40b8-a84f-9f94a06fadfd
345,San Fernando,24621,80,1,4,25,50,243,52,112,79,2,Los Angeles,9028822.01953125,13535.6471148585,e337dd0c-3f39-41c7-a706-8a41fbb7a9e1
346,San Francisco,886007,5933,40,324,3055,2514,48780,4644,39887,4249,275,San Francisco,196956991.132813,88017.5832295031,22155ea7-bce9-44f7-a8bb-47524aba3dd4
347,San Gabriel,40422,98,0,2,58,38,715,202,468,45,3,Los Angeles,15644452.6210938,35543.8786644452,0e7586d1-a740-470b-8a49-fdaba6b923a4
348,Sanger,25443,156,0,9,15,132,304,59,178,67,0,Fresno,23145354.484375,30814.8590475768,a412ff41-944c-4b1f-82cd-442152ffee6b
349,San Jacinto,49452,108,2,1,68,37,1637,334,1018,285,5,Riverside,97900780.6953125,72246.5252366248,26a048a2-b665-4994-9ea9-f903ea72d164
350,San Jose,1040008,4559,32,671,1339,2517,25164,4114,14924,6126,135,Santa Clara,736732528.890625,558594.751584614,04cabb06-702a-4308-90de-372d1a31da84
351,San Juan Capistrano,36209,63,2,4,20,37,297,69,201,27,2,Orange,53812533.9257813,39988.5941283385,5ad6699b-f094-4236-8c2d-f020af5063f1
352,San Leandro,90297,454,0,18,283,153,4105,375,2941,789,16,Alameda,55297492.9804688,44204.8238907699,c0f019a7-9299-4d7b-b6dc-eae218e434b0
353,San Luis Obispo,47735,192,0,44,34,114,1738,277,1387,74,25,San Luis Obispo,53035632.7109375,63090.7801074243,2a4a14d5-79ad-4951-8356-449c441ff2e1
354,San Marcos,98598,193,0,17,46,130,955,163,649,143,3,San Diego,91060676.8398438,82477.3069318236,f4582ec4-c221-4a78-b2bf-ec5ee2620546
355,San Marino,13196,14,0,1,3,10,208,77,126,5,0,Los Angeles,14270612.8320313,20988.4402580177,2224cf5b-3d9c-4f56-abb3-daae68fe447a
356,San Mateo,106020,266,2,45,68,151,2217,516,1523,178,9,San Mateo,51529814.7421875,55198.7179558889,df1d93b9-1681-4016-8426-9186099481df
357,San Pablo,31336,194,2,7,102,83,1009,101,589,319,11,Contra Costa,10873954.8945313,20723.2271520139,eca71bdb-3d39-46e6-88d5-d79b7a03c1ce
358,San Rafael,58819,230,0,23,87,120,1686,299,1173,214,13,Marin,69657593.3789063,91209.0985089714,b33c3143-ff46-43bd-b805-d75840603026
359,San Ramon,76387,58,0,4,21,33,1099,179,869,51,3,Contra Costa,83436495.859375,53489.5086293224,01b863ff-242c-483e-bd2d-6928982adf3c
360,Santa Ana,333664,1453,13,207,472,761,6808,854,4611,1343,49,Orange,102836271.988281,59297.6920757499,daf026f5-9d30-4385-a2f7-87bb5b2559b5
361,Santa Barbara,91717,400,2,72,82,244,2118,254,1686,178,15,Santa Barbara,74577754.59375,98848.9057625582,ab4ec48d-c731-403c-af66-3d09a3d70562
362,Santa Clara,131173,214,0,35,73,106,4748,363,4013,372,18,Santa Clara,74710485.40625,58831.0412529146,57b4dec7-8124-416c-955b-35129a1c1eec
363,Santa Clarita,218103,277,2,49,89,137,2059,392,1448,219,17,Los Angeles,270381322.203125,134970.730700177,af9adfa2-1e05-4997-9ce4-b8886ca93bc3
364,Santa Cruz,65263,389,0,29,88,272,2932,348,2363,221,34,Santa Cruz,51660946.6367188,61502.4664412579,3b30207f-5ac1-46d9-a38d-b7b1bbb13ece
365,Santa Fe Springs,18041,105,2,10,42,51,1035,205,654,176,6,Los Angeles,33436576.4023438,57872.9378690473,2b27542f-0442-4d49-a11e-2d380e29f83f
366,Santa Monica,91621,664,3,40,247,374,3964,577,3143,244,19,Los Angeles,32088268.546875,24259.2892449961,eb8248a9-59a9-4c93-8435-1f39fdae2fc9
367,Santa Paula,30098,91,2,6,21,62,404,103,272,29,3,Ventura,21768873.8554688,32901.0264262498,c4f1aef1-647f-4752-930b-4121b511a8a4
368,Santa Rosa,177884,857,3,146,126,582,2874,486,2077,311,28,Sonoma,180908962.625,242662.949111027,ff92d210-d3e7-4547-b467-be99ea1441c6
369,Santee,58701,98,0,8,29,61,806,74,659,73,7,San Diego,61484241.375,53802.521581051,b8ac56cb-975e-4ec5-9081-4921bfb5896e
370,Saratoga,30666,16,0,4,2,10,240,104,122,14,5,Santa Clara,52363903.2578125,38809.1089015499,04a8579a-124f-440f-8ea2-ff006c6b6ee2
371,Sausalito,7118,7,0,0,1,6,258,21,224,13,0,Marin,7073235.08984375,16234.5331496425,335133a8-6b87-4dd2-89e5-c249d95f6518
372,Scotts Valley,11875,13,0,2,1,10,141,31,102,8,2,Santa Cruz,18942579.4375,36359.772339483,cf549888-6953-4522-95e9-3b9f3e9f5e17
373,Seal Beach,24120,19,0,1,10,8,551,62,458,31,0,Orange,44410775.3125,35829.3542516322,a23313b8-d3bd-4c47-b9d8-e80e65d47d62
374,Seaside,34036,78,3,11,12,52,439,44,329,66,5,Monterey,37576691.7851563,28291.5600900631,225322ca-aa6d-4e69-95de-6a969cea1e46
375,Sebastopol,7815,21,0,3,7,11,177,51,110,16,2,Sonoma,7963427.453125,24751.2424303691,c1020509-ed2b-46dc-8a3e-8ef0d2e72056
376,Selma,24983,85,3,6,25,51,605,204,280,121,0,Fresno,23569157.0742188,41678.1152430873,2cd7ed4b-fa77-447d-89a7-c529deb463de
377,Shafter,20456,53,0,3,9,41,513,127,298,88,8,Kern,151805676.316406,95747.5985247595,66ac58b8-65f3-4179-b88e-c2fb1c2accd1
378,Sierra Madre,10917,15,0,1,0,14,79,29,46,4,0,Los Angeles,11224441.3242188,14811.9517334063,8502ba25-c9f9-471a-91e0-7539f73abd82
379,Signal Hill,11624,95,0,1,27,67,678,110,491,77,3,Los Angeles,8263922.94921875,20718.6965209278,ceee12fd-8ecd-4671-a407-3d7075755fdf
380,Simi Valley,126025,146,1,15,35,95,1188,208,889,91,7,Ventura,160889382.574219,105750.850492169,d0cb7066-10cd-4484-b4c1-92752fc7f8ce
381,Solana Beach,13440,13,0,3,4,6,173,39,115,19,0,San Diego,12566902.2070313,17561.8286791104,7ec9f195-fdd1-4cc3-b51f-189c2c4da889
382,Soledad,26015,53,0,4,14,35,136,24,83,29,5,Monterey,18966855.5507813,40888.1283434078,0d5d645b-960f-4f31-b362-80863713e1ea
383,Solvang,5962,10,0,0,2,8,68,18,46,4,0,Santa Barbara,9355712.98828125,24088.2429126894,6830c821-869d-497a-ae44-c1f8f2988830
384,Sonoma,11323,38,0,6,1,31,122,21,95,6,1,Sonoma,11071137.5039063,23871.5576517794,50c6627f-60bf-4659-b731-5023d7b95e59
385,Sonora,4867,26,0,6,6,14,269,69,180,20,4,Tuolumne,12993923.5703125,21841.3039390573,3c38c8f0-24c3-418b-b84e-2792027ba80c
386,South El Monte,20852,102,1,11,32,58,500,132,254,114,3,Los Angeles,10779077.0390625,22809.6687687195,bfd367c5-2818-4fa7-93cf-6e057ccca3c2
387,South Gate,94445,622,4,21,179,418,2754,351,1663,740,26,Los Angeles,27722325.125,37662.4477779243,71ca371c-d27e-4817-ac81-dbda70c498eb
388,South Lake Tahoe,22116,111,2,10,20,79,449,79,335,35,0,El Dorado,74955719.4257813,55721.7024777344,8cdca7b8-e476-44ee-853a-cfdd655af6f0
389,South Pasadena,25612,29,0,2,11,16,566,94,434,38,0,Los Angeles,12938297.34375,15983.9196173555,7a8f02dd-023c-4d48-ba3e-77fc13a3d72d
390,South San Francisco,68251,166,2,19,64,81,1484,230,1074,180,7,San Mateo,37827918.4296875,63507.5265110519,100e95cc-ebf3-416e-8e20-fcbff3163802
391,Stanton,38276,95,3,10,31,51,526,83,344,99,7,Orange,11686823.3164063,33483.405482768,3e342915-b86a-4806-b2e1-ad40237cd5c6
392,St. Helena,6195,12,0,1,1,10,67,21,43,3,0,Napa,21581247.203125,31664.0712425904,8867b333-8e8e-4cdc-b41d-ef66a9699dde
393,Stockton,313604,4380,34,181,1158,3007,12367,2209,8480,1678,128,San Joaquin,276758684.480469,281373.058269844,34204680-532d-43ca-9f1b-f241dde7d3ce
394,Suisun City,29922,114,0,11,35,68,664,69,479,116,11,Solano,17185155.8945313,34090.9592344595,6aacc2ae-5b60-44da-b446-382981acf4e0
395,Sunnyvale,154859,259,0,37,84,138,3380,458,2598,324,32,Santa Clara,91366252.7578125,65588.7543784695,f0bae7c6-f6fe-4d03-8dd1-579081194cb6
396,Susanville,14878,196,0,7,10,179,207,45,157,5,0,Lassen,35316411.9453125,66105.7518881547,37718f8e-1c51-4f93-b8eb-2f7a1121444c
397,Sutter Creek,2624,3,0,1,0,2,44,8,30,6,2,Amador,11304102.8476563,32096.7323373362,64677ecc-2a27-42f8-82d7-b6bcc244b559
398,Taft,9413,67,0,6,4,57,244,70,149,25,0,Kern,58700865.6914063,53480.1798617673,9e636ec4-84ee-4d31-b881-de631c110d63
399,Tehachapi,12211,60,2,8,7,43,327,70,231,26,0,Kern,39970878.796875,65979.8003127906,aa95dac9-f8b1-47f0-bfcd-e15ec2e76d14
400,Temecula,116630,166,1,8,72,85,2626,318,2018,290,5,Riverside,138825973.71875,86826.8834935536,1bed47a6-0602-4d9e-ad08-fec50de263f5
401,Temple City,36192,64,1,7,23,33,331,122,175,34,1,Los Angeles,15259500.0820313,22322.0282256972,23a31143-9ece-4bf4-9e06-a9787fd127fe
402,Thousand Oaks,127811,88,0,27,23,38,1392,244,1084,64,2,Ventura,210489429.59375,123574.67923006,29e25c0d-d6e7-4d56-b082-2b09d59660e7
403,Tiburon,9135,0,0,0,0,0,82,13,67,2,0,Marin,18854218.5,51608.8531781674,ac336a93-9d60-4bd0-9d22-556c7b446de1
404,Torrance,145183,280,3,26,114,137,2853,399,2161,293,12,Los Angeles,77323534.96875,51431.0729386086,cee9d69e-414e-422a-b85f-829d261eccd8
405,Tracy,92895,166,5,35,62,64,1843,156,1411,276,14,San Joaquin,109828024.027344,128899.37678558,528aa343-6e1b-40e5-8f69-ca13170c32bf
406,Truckee,16611,31,0,3,4,24,114,36,66,12,1,Nevada,146124763.253906,92677.013875475,48be76d2-b276-4d79-b6d4-efe04e26157f
407,Tulare,65134,261,4,27,69,161,1469,225,951,293,11,Tulare,81450731.2929688,80939.1074005729,6cbc5570-702a-4644-a8ea-b7899b4349a0
408,Tulelake,985,3,0,1,0,2,4,1,3,0,0,Siskiyou,1910090.3203125,6727.17544813947,b6a65be9-57ef-487c-be2f-abaf7119f30a
409,Turlock,74120,426,1,29,138,258,2323,402,1483,438,34,Stanislaus,69493672.6171875,63723.1993275508,5b6d31fb-3ce8-41c6-ac23-768f86ce0d0c
410,Tustin,80356,141,1,16,61,63,2118,241,1694,183,6,Orange,41820895.9375,57145.1763645262,faf57a9c-093d-479e-92ce-8e051d38b516
411,Twentynine Palms,26588,117,0,10,15,92,265,96,134,35,4,San Bernardino,222715993.351563,106740.922849077,a7413e3a-b057-4dab-b9b6-6cec101bc4cd
412,Ukiah,16197,110,1,9,24,76,298,117,147,34,23,Mendocino,20608561.9023438,36972.481228619,fb4fd85b-688d-477e-90c2-acf088b22c19
413,Union City,75202,277,2,8,79,188,1718,192,1300,226,9,Alameda,80377660.4648438,71695.2447590985,6aa7416d-fd1d-4a4f-93c4-0770fbb1a2e5
414,Upland,77398,298,3,20,107,168,1821,368,1206,247,11,San Bernardino,59394283.703125,35235.9098136648,126b8229-3e2a-459d-855f-f1b727496269
415,Vacaville,101147,331,3,47,80,201,2442,162,2120,160,8,Solano,125859689.722656,99661.3418556159,cd5fff18-597a-492c-b806-b537dc537746
416,Vallejo,122657,1037,12,138,336,551,4941,2888,1148,905,52,Solano,128781938.925781,111406.58078821,5d233983-df7a-4a5e-ad14-bdd6b020d88a
417,Ventura,111596,458,3,56,106,293,2969,353,2362,254,7,Ventura,84183660.671875,127366.153137471,b6ca1816-a490-4ca0-b0fc-1f9f22f61b61
418,Vernon,112,27,0,1,12,14,485,133,272,80,5,Los Angeles,19472683.6210938,31186.4239824758,9bf3612c-3f05-490d-9f65-a208b544375b
419,Victorville,123089,988,5,45,255,683,2271,590,1061,620,21,San Bernardino,283232286.65625,142990.449724695,a98d7a6e-5a5c-477e-af88-acfb9f11f70f
420,Villa Park,5840,4,0,0,0,4,44,9,35,0,0,Orange,7853818.37890625,17655.3859711759,05c51b3c-8ec6-4d1c-ae38-dff22af2d203
421,Visalia,134961,586,4,111,159,312,3900,747,2627,526,20,Tulare,153180776.375,132472.38948029,50e29e46-a597-43c8-a3e1-f5a96bda5338
422,Vista,102227,354,2,38,93,221,1438,251,945,242,6,San Diego,69662663.796875,99294.9360690489,92ca4e60-39bd-451c-968a-9b06e89a3d30
423,Walnut,30108,38,0,4,14,20,386,152,207,27,0,Los Angeles,33932903.1796875,33705.1607973171,ae2139a0-501d-469a-ada3-016c2a66a4a9
424,Walnut Creek,70546,120,0,6,40,74,2496,307,2034,155,4,Contra Costa,82428801.484375,116944.312635597,adc694f6-2fb6-4cc4-8926-6241ea3f6fd3
425,Waterford,9021,13,0,1,5,7,143,17,76,50,0,Stanislaus,10166347.6875,18582.4891401087,c457bafe-f200-4f65-9931-1b8a36f71f28
426,Watsonville,54261,328,1,37,53,237,971,148,589,234,8,Santa Cruz,27580445.25,48950.2137587499,7d940c0c-5837-422e-abd6-70af8246d149
427,Weed,2673,34,0,3,4,27,55,8,38,9,0,Siskiyou,22193265.7539063,36202.9728628581,b7c479d4-a39c-4f00-a78d-17da1c164456
428,West Covina,106335,260,6,21,129,104,2369,354,1660,355,15,Los Angeles,60787433.9882813,75435.3600168253,6787f7e3-650e-4458-89f1-12cfad6e98db
429,West Hollywood,37173,294,0,24,139,131,1898,215,1566,117,9,Los Angeles,7178771.4921875,21043.1206737822,a5521376-b045-4227-a9c9-2289a4fda883
430,Westlake Village,8358,13,0,5,6,2,189,44,140,5,0,Los Angeles,20803175.9101563,23742.8009022052,2abfa6de-fb85-4c01-890a-1e46210f7628
431,Westminster,91086,259,0,19,122,118,2611,511,1824,276,22,Orange,37856067.8945313,54680.6146773354,901af9fe-a6a1-43b7-8b01-a9ac2a0b78bb
432,West Sacramento,54372,212,1,34,79,98,1603,236,1158,209,26,Yolo,97647197.203125,46539.3055212368,e106bd6c-95b2-437e-8544-9ceb8d6ca372
433,Wheatland,3940,6,0,0,1,5,43,8,26,9,0,Yuba,34931643.8710938,46816.2199893527,605ac660-f0b1-47c2-ba83-7adc6f311e3d
434,Whittier,86158,213,1,27,93,92,1901,318,1278,305,7,Los Angeles,55332675.2070313,60122.3409694454,9a76d19e-c723-4ff4-9f12-66366c729a27
435,Wildomar,37939,61,0,1,12,48,637,101,375,161,1,Riverside,88793381.0898438,42930.1354892912,900fffad-d4c4-40d4-a556-4338fd6123fd
436,Williams,5348,20,0,3,4,13,76,28,34,14,2,Colusa,21810706.8789063,31323.7559121148,8d61708a-ae37-4d43-bd2c-90bf3edf3a36
437,Willits,4937,16,0,2,6,8,92,28,51,13,2,Mendocino,12210984.328125,29849.4400068214,ac2c60fd-0866-4aa8-9388-832467951ce3
438,Windsor,27981,58,0,8,8,42,257,30,212,15,0,Sonoma,31964864.0976563,57540.81457591,090a768b-25e5-4310-8d66-b11805d58729
439,Winters,7374,11,0,0,1,10,115,19,81,15,3,Yolo,10804762.296875,24490.1125811704,e34317bc-3495-4d22-98ec-87face98e432
440,Woodlake,7682,28,0,4,2,22,88,14,61,13,0,Tulare,13124119.4492188,29231.0651581337,9c1c72b0-daa2-4d07-a3e6-2bb77c95031e
441,Woodland,61176,224,3,18,44,159,1488,231,1062,195,52,Yolo,63904987.75,73095.5181818295,df617f85-f032-4911-a177-1b7005b78c0e
442,Yorba Linda,68225,42,0,3,17,22,627,140,433,54,1,Orange,75095135.09375,73709.6961450616,26cab1e0-ea41-497a-a61a-526213d5578c
443,Yountville,2988,5,0,0,0,5,42,5,36,1,1,Napa,6139924.5,18166.7764789401,735a240a-584d-4627-8090-a2e92033d000
444,Yreka,7527,28,0,0,1,27,235,34,172,29,0,Siskiyou,46798868.375,64683.1907662048,a1a1efeb-3906-417a-812e-2184e2101bd5
445,Yuba City,67164,241,3,28,52,158,1823,230,1334,259,7,Sutter,66302159.09375,74665.9520026705,060e429b-d220-42b0-82c9-bb07aa3ceb8b
446,Yucaipa,53964,200,3,14,31,152,641,172,365,104,0,San Bernardino,106858391.742188,66660.7723633347,048cc48d-99e6-4541-97c5-27b43a221a05
447,Yucca Valley,21858,160,0,9,25,126,292,84,157,51,3,San Bernardino,150931680.210938,63739.2351735885,680fbc80-bd8b-4699-8097-b49c2b3f207e
